<?xml version="1.0"?>
<!DOCTYPE hibernate-mapping PUBLIC "-//Hibernate/Hibernate Mapping DTD 3.0//EN"
"http://www.hibernate.org/dtd/hibernate-mapping-3.0.dtd">
<!-- Generated Aug 30, 2016 1:51:22 PM by Hibernate Tools 5.1.0.Alpha1 -->
<hibernate-mapping>
    <class name="Entity.Sensorclass" table="SensorClass" schema="PUBLIC" catalog="PUBLIC" optimistic-lock="version">
        <id name="classname" type="string">
            <column name="CLASSNAME" length="100" />
            <generator class="assigned" />
        </id>
        <set name="sensors" table="SENSOR" inverse="true" lazy="true" fetch="select">
            <key>
                <column name="CLASS" length="100" />
            </key>
            <one-to-many class="Entity.Sensor" />
        </set>
    </class>
</hibernate-mapping>
