<?xml version="1.0"?>
<!DOCTYPE hibernate-mapping PUBLIC "-//Hibernate/Hibernate Mapping DTD 3.0//EN"
"http://www.hibernate.org/dtd/hibernate-mapping-3.0.dtd">
<!-- Generated Oct 11, 2016 10:46:39 PM by Hibernate Tools 5.2.0.Beta1 -->
<hibernate-mapping>
    <class name="Entity.Sensor" table="SENSOR" schema="PUBLIC" catalog="PUBLIC" optimistic-lock="version">
        <id name="sensorname" type="string">
            <column name="SENSORNAME" length="100" />
            <generator class="assigned" />
        </id>
        <many-to-one name="controller" class="Entity.Controller" fetch="select">
            <column name="CONTROLLER" length="100" />
        </many-to-one>
        <many-to-one name="sensorclass" class="Entity.Sensorclass" fetch="select">
            <column name="CLASS" length="100" />
        </many-to-one>
        <property name="minvalue" type="java.lang.Double">
            <column name="MINVALUE" precision="64" scale="0" />
        </property>
        <property name="maxvalue" type="java.lang.Double">
            <column name="MAXVALUE" precision="64" scale="0" />
        </property>
        <property name="transformationfactor" type="java.lang.Double">
            <column name="TRANSFORMATIONFACTOR" precision="64" scale="0" />
        </property>
        <property name="unit" type="string">
            <column name="UNIT" length="10" />
        </property>
        <property name="minthreshold" type="java.lang.Double">
            <column name="MINTHRESHOLD" precision="64" scale="0" />
        </property>
        <property name="maxthreshold" type="java.lang.Double">
            <column name="MAXTHRESHOLD" precision="64" scale="0" />
        </property>
        <property name="positionx" type="java.lang.Double">
            <column name="POSITIONX" precision="64" scale="0" />
        </property>
        <property name="positiony" type="java.lang.Double">
            <column name="POSITIONY" precision="64" scale="0" />
        </property>
        <set name="sensorevents" table="SENSOREVENT" inverse="true" lazy="true" fetch="select">
            <key>
                <column name="SENSORNAME" length="100" />
            </key>
            <one-to-many class="Entity.Sensorevent" />
        </set>
    </class>
</hibernate-mapping>
