<?xml version="1.0"?>
<!DOCTYPE hibernate-mapping PUBLIC "-//Hibernate/Hibernate Mapping DTD 3.0//EN"
"http://www.hibernate.org/dtd/hibernate-mapping-3.0.dtd">
<!-- Generated Oct 11, 2016 11:19:14 PM by Hibernate Tools 5.2.0.Beta1 -->
<hibernate-mapping>
    <class name="Entity.Sensoractuatorresponse" table="SENSORACTUATORRESPONSE" schema="PUBLIC" catalog="PUBLIC" optimistic-lock="version">
        <id name="id" type="java.lang.Integer">
            <column name="ID" />
            <generator class="identity" />
        </id>
        <many-to-one name="actuator" class="Entity.Actuator" fetch="select">
            <column name="ACTUATORNAME" length="100" />
        </many-to-one>
        <property name="ontriggeraction" type="string">
            <column name="ONTRIGGERACTION" length="100" />
        </property>
        <property name="onnottriggeraction" type="string">
            <column name="ONNOTTRIGGERACTION" length="100" />
        </property>
        <property name="expression" type="string">
            <column name="EXPRESSION" length="500" />
        </property>
        <property name="enabled" type="java.lang.Boolean">
            <column name="ENABLED" />
        </property>
        <property name="timeout" type="java.lang.Integer">
            <column name="TIMEOUT" />
        </property>
    </class>
</hibernate-mapping>
