<?xml version="1.0"?>
<!DOCTYPE hibernate-mapping PUBLIC "-//Hibernate/Hibernate Mapping DTD 3.0//EN"
"http://www.hibernate.org/dtd/hibernate-mapping-3.0.dtd">
<!-- Generated Nov 9, 2016 5:05:17 PM by Hibernate Tools 5.2.0.Beta1 -->
<hibernate-mapping>
    <class name="Entity.Usersensornotification" table="USERSENSORNOTIFICATION" schema="PUBLIC" catalog="PUBLIC" optimistic-lock="version">
        <composite-id name="id" class="Entity.UsersensornotificationId">
            <key-many-to-one name="user" class="Entity.User">
                <column name="USERNAME" length="100" />
            </key-many-to-one>
            <key-many-to-one name="sensor" class="Entity.Sensor">
                <column name="SENSORNAME" length="100" />
            </key-many-to-one>
        </composite-id>
        <property name="lastread" type="timestamp">
            <column name="LASTREAD" length="26" />
        </property>
    </class>
</hibernate-mapping>
