<?xml version="1.0"?>
<!DOCTYPE hibernate-mapping PUBLIC "-//Hibernate/Hibernate Mapping DTD 3.0//EN"
"http://www.hibernate.org/dtd/hibernate-mapping-3.0.dtd">
<!-- Generated Oct 11, 2016 4:13:20 PM by Hibernate Tools 5.2.0.Beta1 -->
<hibernate-mapping>
    <class name="Entity.Actuator" table="ACTUATOR" schema="PUBLIC" catalog="PUBLIC" optimistic-lock="version">
        <id name="name" type="string">
            <column name="NAME" length="100" />
            <generator class="assigned" />
        </id>
        <many-to-one name="controller" class="Entity.Controller" fetch="select">
            <column name="CONTROLLER" length="100" />
        </many-to-one>
        <property name="status" type="string">
            <column name="STATUS" length="100" />
        </property>
        <property name="positionx" type="java.lang.Double">
            <column name="POSITIONX" precision="64" scale="0" />
        </property>
        <property name="positiony" type="java.lang.Double">
            <column name="POSITIONY" precision="64" scale="0" />
        </property>
        <property name="controltype" type="string">
            <column name="CONTROLTYPE" length="100" />
        </property>
        <property name="statuslist" type="string">
            <column name="STATUSLIST" length="1000" />
        </property>
        <set name="regularschedules" table="REGULARSCHEDULE" inverse="true" lazy="true" fetch="select">
            <key>
                <column name="ACTUATORNAME" length="100" />
            </key>
            <one-to-many class="Entity.Regularschedule" />
        </set>
        <set name="sensoractuatorresponses" table="SENSORACTUATORRESPONSE" inverse="true" lazy="true" fetch="select">
            <key>
                <column name="ACTUATORNAME" length="100" />
            </key>
            <one-to-many class="Entity.Sensoractuatorresponse" />
        </set>
        <set name="specialschedules" table="SPECIALSCHEDULE" inverse="true" lazy="true" fetch="select">
            <key>
                <column name="ACTUATORNAME" length="100" />
            </key>
            <one-to-many class="Entity.Specialschedule" />
        </set>
    </class>
</hibernate-mapping>
