<?xml version="1.0"?>
<!DOCTYPE hibernate-mapping PUBLIC "-//Hibernate/Hibernate Mapping DTD 3.0//EN"
"http://www.hibernate.org/dtd/hibernate-mapping-3.0.dtd">
<!-- Generated Sep 24, 2016 1:32:44 PM by Hibernate Tools 5.2.0.Beta1 -->
<hibernate-mapping>
    <class name="Entity.Controller" table="CONTROLLER" schema="PUBLIC" catalog="PUBLIC" optimistic-lock="version">
        <id name="controllername" type="string">
            <column name="CONTROLLERNAME" length="100" />
            <generator class="assigned" />
        </id>
        <many-to-one name="site" class="Entity.Site" fetch="select">
            <column name="SITE" length="100" />
        </many-to-one>
        <property name="positionx" type="java.lang.Double">
            <column name="POSITIONX" precision="64" scale="0" />
        </property>
        <property name="positiony" type="java.lang.Double">
            <column name="POSITIONY" precision="64" scale="0" />
        </property>
        <property name="ipaddress" type="string">
            <column name="IPADDRESS" length="15" />
        </property>
        <property name="reporttimeout" type="java.lang.Integer">
            <column name="REPORTTIMEOUT" />
        </property>
        <property name="lastreporttime" type="timestamp">
            <column name="LASTREPORTTIME" length="26" />
        </property>
        <set name="controllerevents" table="CONTROLLEREVENT" inverse="true" lazy="true" fetch="select">
            <key>
                <column name="CONTROLLERNAME" length="100" />
            </key>
            <one-to-many class="Entity.Controllerevent" />
        </set>
        <set name="sensors" table="SENSOR" inverse="true" lazy="true" fetch="select">
            <key>
                <column name="CONTROLLER" length="100" />
            </key>
            <one-to-many class="Entity.Sensor" />
        </set>
        <set name="actuators" table="ACTUATOR" inverse="true" lazy="true" fetch="select">
            <key>
                <column name="CONTROLLER" length="100" />
            </key>
            <one-to-many class="Entity.Actuator" />
        </set>
    </class>
</hibernate-mapping>
