<?xml version="1.0"?>
<!DOCTYPE hibernate-mapping PUBLIC "-//Hibernate/Hibernate Mapping DTD 3.0//EN"
"http://www.hibernate.org/dtd/hibernate-mapping-3.0.dtd">
<!-- Generated Aug 30, 2016 1:51:22 PM by Hibernate Tools 5.1.0.Alpha1 -->
<hibernate-mapping>
    <class name="Entity.Site" table="SITE" schema="PUBLIC" catalog="PUBLIC" optimistic-lock="version">
        <id name="sitename" type="string">
            <column name="SITENAME" length="100" />
            <generator class="assigned" />
        </id>
        <property name="sitemapurl" type="string">
            <column name="SITEMAPURL" length="350" />
        </property>
        <set name="controllers" table="CONTROLLER" inverse="true" lazy="true" fetch="select">
            <key>
                <column name="SITE" length="100" />
            </key>
            <one-to-many class="Entity.Controller" />
        </set>
    </class>
</hibernate-mapping>
